{
	"name": "cutiepie",
	"matrix": {
		"rows": 4,
		"cols": 10
	},
	"layouts": {
		"labels": [
			"ISO Enter",
			[
				"Bottom Row",
				"2x1.75",
				"4u",
				"3u",
				"2x2u"
			]
		],
		"keymap": [
			[
				"0,0",
				"0,1",
				"0,2",
				"0,3",
				"0,4",
				"0,5",
				"0,6",
				"0,7",
				"0,8",
				{
					"c": "#eba0a0",
					"w": 1.5
				},
				"0,9\n\n\n0,0",
				{
					"x": 0.5,
					"w": 1.25,
					"h": 2,
					"w2": 1.5,
					"h2": 1,
					"x2": -0.25
				},
				"0,9\n\n\n0,1"
			],
			[
				{
					"c": "#cccccc",
					"w": 1.25
				},
				"1,0",
				"1,1",
				"1,2",
				"1,3",
				"1,4",
				"1,5",
				"1,6",
				"1,7",
				"1,8",
				{
					"c": "#eba0a0",
					"w": 1.25
				},
				"1,9\n\n\n0,0"
			],
			[
				{
					"c": "#cccccc",
					"w": 1.5
				},
				"2,0",
				"2,1",
				"2,2",
				"2,3",
				"2,4",
				"2,5",
				"2,6",
				"2,7",
				"2,8",
				"2,9"
			],
			[
				{
					"c": "#9ee899",
					"w": 1.25
				},
				"3,0\n\n\n1,0",
				"3,1\n\n\n1,0",
				{
					"w": 1.25
				},
				"3,2\n\n\n1,0",
				{
					"x": 4,
					"c": "#cccccc"
				},
				"3,7",
				"3,8",
				"3,9"
			],
			[
				{
					"y": -0.75,
					"x": 3.75,
					"c": "#9ee899",
					"w": 1.75
				},
				"3,4\n\n\n1,0",
				{
					"w": 1.75
				},
				"3,5\n\n\n1,0"
			],
			[
				{
					"y": 0.25
				},
				"3,0\n\n\n1,1",
				"3,1\n\n\n1,1",
				"3,2\n\n\n1,1"
			],
			[
				{
					"y": -0.75,
					"x": 3.25,
					"w": 4
				},
				"3,4\n\n\n1,1"
			],
			[
				{
					"y": 0.25
				},
				"3,0\n\n\n1,2",
				"3,1\n\n\n1,2",
				"3,2\n\n\n1,2",
				"3,4\n\n\n1,2"
			],
			[
				{
					"y": -0.75,
					"x": 4.25,
					"w": 3
				},
				"3,5\n\n\n1,2"
			],
			[
				{
					"y": 0.25
				},
				"3,0\n\n\n1,3",
				"3,1\n\n\n1,3",
				"3,2\n\n\n1,3"
			],
			[
				{
					"y": -0.75,
					"x": 3.25,
					"w": 2
				},
				"3,4\n\n\n1,3",
				{
					"w": 2
				},
				"3,5\n\n\n1,3"
			]
		]
	}
}