{
	"name": "cutiepie",
	"matrix": {
		"rows": 4,
		"cols": 10
	},
	"layouts": {
		"labels": [
			[
				"Layout",
				"Uniform Stagger",
				"Uniform Stagger ISO",
				"Regular Stagger",
				"Regular Stagger ISO",
				"Ortho"
			],
			[
				"Bottom Row",
				"2x1.75",
				"4u",
				"3u",
				"2x2u"
			]
		],
		"keymap": [
			[
				"0,0\n\n\n0,0",
				"0,1\n\n\n0,0",
				"0,2\n\n\n0,0",
				"0,3\n\n\n0,0",
				"0,4\n\n\n0,0",
				"0,5\n\n\n0,0",
				"0,6\n\n\n0,0",
				"0,7\n\n\n0,0",
				"0,8\n\n\n0,0",
				{
					"w": 1.5
				},
				"0,9\n\n\n0,0",
				{
					"x": 1.5
				},
				"0,0\n\n\n0,1",
				"0,1\n\n\n0,1",
				"0,2\n\n\n0,1",
				"0,3\n\n\n0,1",
				"0,4\n\n\n0,1",
				"0,5\n\n\n0,1",
				"0,6\n\n\n0,1",
				"0,7\n\n\n0,1",
				"0,8\n\n\n0,1",
				{
					"x": 0.25,
					"c": "#eba0a0",
					"w": 1.25,
					"h": 2,
					"w2": 1.5,
					"h2": 1,
					"x2": -0.25
				},
				"0,9\n\n\n0,1"
			],
			[
				{
					"c": "#cccccc",
					"w": 1.25
				},
				"1,0\n\n\n0,0",
				"1,1\n\n\n0,0",
				"1,2\n\n\n0,0",
				"1,3\n\n\n0,0",
				"1,4\n\n\n0,0",
				"1,5\n\n\n0,0",
				"1,6\n\n\n0,0",
				"1,7\n\n\n0,0",
				"1,8\n\n\n0,0",
				{
					"w": 1.25
				},
				"1,9\n\n\n0,0",
				{
					"x": 1.5,
					"w": 1.25
				},
				"1,0\n\n\n0,1",
				"1,1\n\n\n0,1",
				"1,2\n\n\n0,1",
				"1,3\n\n\n0,1",
				"1,4\n\n\n0,1",
				"1,5\n\n\n0,1",
				"1,6\n\n\n0,1",
				"1,7\n\n\n0,1",
				"1,8\n\n\n0,1"
			],
			[
				{
					"w": 1.5
				},
				"2,0\n\n\n0,0",
				"2,1\n\n\n0,0",
				"2,2\n\n\n0,0",
				"2,3\n\n\n0,0",
				"2,4\n\n\n0,0",
				"2,5\n\n\n0,0",
				"2,6\n\n\n0,0",
				"2,7\n\n\n0,0",
				"2,8\n\n\n0,0",
				"2,9\n\n\n0,0",
				{
					"x": 1.5,
					"w": 1.5
				},
				"2,0\n\n\n0,1",
				"2,1\n\n\n0,1",
				"2,2\n\n\n0,1",
				"2,3\n\n\n0,1",
				"2,4\n\n\n0,1",
				"2,5\n\n\n0,1",
				"2,6\n\n\n0,1",
				"2,7\n\n\n0,1",
				"2,8\n\n\n0,1",
				"2,9\n\n\n0,1"
			],
			[
				{
					"c": "#9ee899",
					"w": 1.25
				},
				"3,0\n\n\n1,0",
				"3,1\n\n\n1,0",
				{
					"w": 1.25
				},
				"3,2\n\n\n1,0",
				{
					"x": 4,
					"c": "#cccccc"
				},
				"3,7",
				"3,8",
				"3,9"
			],
			[
				{
					"y": -0.75,
					"x": 3.75,
					"c": "#9ee899",
					"w": 1.75
				},
				"3,4\n\n\n1,0",
				{
					"w": 1.75
				},
				"3,5\n\n\n1,0"
			],
			[
				{
					"y": -0.75,
					"x": 12,
					"c": "#cccccc"
				},
				"0,0\n\n\n0,2",
				"0,1\n\n\n0,2",
				"0,2\n\n\n0,2",
				"0,3\n\n\n0,2",
				"0,4\n\n\n0,2",
				"0,5\n\n\n0,2",
				"0,6\n\n\n0,2",
				"0,7\n\n\n0,2",
				"0,8\n\n\n0,2",
				{
					"w": 1.5
				},
				"0,9\n\n\n0,2"
			],
			[
				{
					"c": "#9ee899"
				},
				"3,0\n\n\n1,1",
				"3,1\n\n\n1,1",
				"3,2\n\n\n1,1",
				{
					"x": 9,
					"c": "#cccccc",
					"w": 1.25
				},
				"1,0\n\n\n0,2",
				"1,1\n\n\n0,2",
				"1,2\n\n\n0,2",
				"1,3\n\n\n0,2",
				"1,4\n\n\n0,2",
				"1,5\n\n\n0,2",
				"1,6\n\n\n0,2",
				"1,7\n\n\n0,2",
				"1,8\n\n\n0,2",
				{
					"w": 1.25
				},
				"1,9\n\n\n0,2"
			],
			[
				{
					"y": -0.75,
					"x": 3.25,
					"c": "#9ee899",
					"w": 4
				},
				"3,4\n\n\n1,1"
			],
			[
				{
					"y": -0.25,
					"x": 12,
					"c": "#cccccc",
					"w": 1.75
				},
				"2,0\n\n\n0,2",
				"2,1\n\n\n0,2",
				"2,2\n\n\n0,2",
				"2,3\n\n\n0,2",
				"2,4\n\n\n0,2",
				"2,5\n\n\n0,2",
				"2,6\n\n\n0,2",
				"2,7\n\n\n0,2",
				{
					"w": 1.75
				},
				"2,8\n\n\n0,2"
			],
			[
				{
					"y": -0.5,
					"c": "#9ee899"
				},
				"3,0\n\n\n1,2",
				"3,1\n\n\n1,2",
				"3,2\n\n\n1,2",
				"3,4\n\n\n1,2"
			],
			[
				{
					"y": -0.75,
					"x": 4.25,
					"w": 3
				},
				"3,5\n\n\n1,2"
			],
			[
				{
					"y": -0.25,
					"x": 12,
					"c": "#cccccc"
				},
				"0,0\n\n\n0,3",
				"0,1\n\n\n0,3",
				"0,2\n\n\n0,3",
				"0,3\n\n\n0,3",
				"0,4\n\n\n0,3",
				"0,5\n\n\n0,3",
				"0,6\n\n\n0,3",
				"0,7\n\n\n0,3",
				"0,8\n\n\n0,3",
				{
					"x": 0.25,
					"c": "#eba0a0",
					"w": 1.25,
					"h": 2,
					"w2": 1.5,
					"h2": 1,
					"x2": -0.25
				},
				"0,9\n\n\n0,3"
			],
			[
				{
					"y": -0.5,
					"c": "#9ee899"
				},
				"3,0\n\n\n1,3",
				"3,1\n\n\n1,3",
				"3,2\n\n\n1,3"
			],
			[
				{
					"y": -0.75,
					"x": 3.25,
					"w": 2
				},
				"3,4\n\n\n1,3",
				{
					"w": 2
				},
				"3,5\n\n\n1,3"
			],
			[
				{
					"y": -0.75,
					"x": 12,
					"c": "#cccccc",
					"w": 1.25
				},
				"1,0\n\n\n0,3",
				"1,1\n\n\n0,3",
				"1,2\n\n\n0,3",
				"1,3\n\n\n0,3",
				"1,4\n\n\n0,3",
				"1,5\n\n\n0,3",
				"1,6\n\n\n0,3",
				"1,7\n\n\n0,3",
				"1,8\n\n\n0,3"
			],
			[
				{
					"x": 12,
					"w": 1.75
				},
				"2,0\n\n\n0,3",
				"2,1\n\n\n0,3",
				"2,2\n\n\n0,3",
				"2,3\n\n\n0,3",
				"2,4\n\n\n0,3",
				"2,5\n\n\n0,3",
				"2,6\n\n\n0,3",
				"2,7\n\n\n0,3",
				{
					"w": 1.75
				},
				"2,8\n\n\n0,3"
			],
			[
				{
					"y": 0.5,
					"x": 12
				},
				"0,0\n\n\n0,4",
				"0,1\n\n\n0,4",
				"0,2\n\n\n0,4",
				"0,3\n\n\n0,4",
				"0,4\n\n\n0,4",
				{
					"x": 0.5
				},
				"0,5\n\n\n0,4",
				"0,6\n\n\n0,4",
				"0,7\n\n\n0,4",
				"0,8\n\n\n0,4",
				"0,9\n\n\n0,4"
			],
			[
				{
					"x": 12
				},
				"1,0\n\n\n0,4",
				"1,1\n\n\n0,4",
				"1,2\n\n\n0,4",
				"1,3\n\n\n0,4",
				"1,4\n\n\n0,4",
				{
					"x": 0.5
				},
				"1,5\n\n\n0,4",
				"1,6\n\n\n0,4",
				"1,7\n\n\n0,4",
				"1,8\n\n\n0,4",
				"1,9\n\n\n0,4"
			],
			[
				{
					"x": 12
				},
				"2,0\n\n\n0,4",
				"2,1\n\n\n0,4",
				"2,2\n\n\n0,4",
				"2,3\n\n\n0,4",
				"2,4\n\n\n0,4",
				{
					"x": 0.5
				},
				"2,5\n\n\n0,4",
				"2,6\n\n\n0,4",
				"2,7\n\n\n0,4",
				"2,8\n\n\n0,4",
				"2,9\n\n\n0,4"
			]
		]
	}
}